channel, id
T-Series Official Channel,Tseries
Spi0n,Spi0n
IGN,ign
BuzzFeed,buzzfeedvideo
Red Bull,RedBull
HUM TV,humtv
ARY NEWS,arynews
Splash News,splashnews
ITN News,itnnews
Rémi Gaillard,nqtv
FanReviews,FanReviews
Geo News,GeoNews
Bollywood Online Music,bollywoodonlinemusic
Joueur du Grenier,joueurdugrenier
vavelya,vavelya
videobash,videobash
Rajshri,Rajshri
PALMASHOW,Palmashow
hulu,hulu
mozinor,mozinor
DramaCafeTV,DramaCafeTV
Dunya News,dunyanews
Craze Digital Movies,crazedigitalmovies
worldwideinterweb,worldwideinterweb
Bibi300,bibi300
HD Hungama Official Channel,sohailshoukat2704
Barcroft TV,BarcroftTV
WatchMojo,MojoSupreme
Le Rewind,lerewind
Aflam HD,MazzikaHits
Coke Studio Pakistan,cokestudiopakistan
IndianMovies1,IndianMovies1
karimdebbache,karimdebbache
storyfulviral,storyfulviral
تى فى العرب ! TVEl3arb,aflamonlin
Aventures,Aventures
_kshownow,_kshownow
VEVO,VEVO
vul3a04SNSD1,vul3a04SNSD1
GameSpot,GameSpot
Teaser-Trailer.com,teasertrailer
DramaCafeChannel,DramaCafeChannel
Hooper,Hooper11
The Onion,theonion
azam,zemtv
All4WaTcH Official Channel,All4WaTcH
Blossomy,blossomy
Boiler Room,brtvofficial
Moviez Adda,moviezadda
MovieSpawn,moviespawn
Pause Music,PauseMusic
Livestation,livestation
hollywoodtv,hollywoodtv
Millenium_TV,Millenium_TV
HD SONGS,HD-SONG
And Finally,andfinally
Pashto Tang Takoor,pashtotanktakoor
makis132011,makis132011
JukinVideo,JukinVideo
Stuff We Like,stuffwelike
PoP Anime-i.com- animetop แนะนำการ์ตูนน,popanimei
lezapping,lezapping
The Believe_in_Magic . tv,believe_in_magic
France Inter,franceinter
WhatCulture,whatculture
Eros Now,ErosNow
ARY Digital,arydigitalofficial
bangtansubs,bangtansubs2
ELECTRONIC BEATS TV,electronicbeatstv
Guardian,Guardian
ichigocherry,ichigocherry
euronews (in English),euronews-en
WSJ Live,WSJ_Live
isubs,isubs
Bollywood Backstage,bollywoodbackstage
dybex,dybex
CGRtrailers,CGRtrailers
Rooftop Comedy,rooftopcomedy
Punjabiworld4u Official,punjabiworld4uofficial
RIDERS MATCH,Riders-Match
Complex,Complex
ShahidHD,shahidHD
2016ccc,2016ccc
Film&Clips,FILMandCLIPS
Buzz60,Buzz60
"Globovisión, Información Responsable y Veraz",Globovision
Crunchyroll,crunchyroll
BFI Films,BFIfilms
mondomedia,mondomedia
Viral Spiral,Viral-spiral
Bollywood NOW,BollywoodNow
InfiniteElgintensity,InfiniteElgintensity
Venessa Chun,theblingdinosaur
Europe1fr,Europe1fr
viddsee,viddsee
Hindi Movie Trailer,HindiMovieTrailer
CBS,cbs
TheBollywoodShow,TheBollywoodShow
The Best Vines,TheBestVines
Naito75,naito75
Renderyard,renderyardchannel
Le Monde.fr,lemondefr
EmpireMagazine,EmpireMagazine
associatedpress,associatedpress
Pashto Series,nadiagul
namja1to4,namja124
ClassicGameRoom,ClassicGameRoom
Naat Online,NaatOnline
AgrigentoTV,AgrigentoTV
MMMGlobal,MMMGlobal
BFMTV,BFMTV
FC Barcelona,fcbarcelona
ksnSUBS_,ksnSUBS_
CNET,CNET
SweetNona,Sweetnona83
ERTV,ERTV
Overdrive Infinity,OverdriveInfinity
Kshownow dot net,kshownow_
DOMINO RECORDING COMPANY,domino
Line Session,LineSession
Funmazaa,m5870696
Sidra Batool,dailysongs
Army Base Subs,ArmyBaseSubs
بانوراما عالمي للفن التركي,nzfilm
Usulmaster,zulmastr
Mister Buzz,MisterBuzz
FashionTV,Fashion_TV
List25,list25
YGSRASubs,YGSRASubs
구름,svaensk
filmigaane,filmigaane
PeteRock,PeteRock
jannylovely03,jannylovely03
No Comment TV,nocommenttv
LeFossoyeurDeFilms,LeFossoyeurDeFilms
La Chanson du Dimanche,lachansondudimanche
Les Guignols,lesguignols
Lazizi,Lazizi_Pk
Mashable,Mashable
Beyond Records,BeyondRecordLabel
Evidence Production,evidenceprod
تياترو مصر,SiimOz
baekhundred,baekhundred
Bollywood HD Song & HD Movies,BollywoodHDSongHDMovies
Iti63,iti63
KoreanShowsNow,KoreanShowsNow
EXO Team 360kpop,exoteam360kpop2
RunningMan Sub Spanish,runningmanesp
NowThis,NowThis
Fresh Songs HD,freshsongshd
The Pet Collective,thepetcollective
shinebandexo,shinebandexo
TheMongs,themongs
ninonanoni,ninonanoni
Financial Times,FinancialTimes
Tips Music & Films,TipsMusicFilms
Viral Clips Daily,viralcd
ClevverMovies,ClevverMovies
Suleiman EL GRAN SULTAN,gransultan
Showtime,Showtime
Kyungsoo_Lover,Kyungsoo_Lover
INA,ina
PoP Anime-i.com,popanimeii
Bollywood Uncut,BollywoodUncut
KissTube,KissTube
✿ParkMervet✿Channel✿,parkmervet
China Movie Channel | 电影频道,krtv1
EntertainmentCat,entertainmentcat
JUST JAM LONDON,justjamlondon
PSG,PSG
Ultimate Fighting Championship,UFC
Filmow,filmow
MrLEV12,MrLEV12
My Little Pony,My-Little-Pony-Episodes
negas,ralnegas
Geo TV,GeoTV
PTV Sports,PTVSports
Asma Kanwal,nadeemsukhera
Winnie Lo,winniea2106
Anime Zel2o,AnimeZel2o
Lehren TV,lehren
eclypsia,eclypsia
PakistaniDrama,PakistaniDrama
FilmGorillas.com,FilmGorillas
Worldwide Festival,worldwidefestival
Entertainment Tonight,EntertainmentTonight
KennO_Mart,KennO_Mart
L'Obs,LeNouvelObservateur
Aypierre,Aypierre
minsuga,minsuga
PressAssociation,PressAssociation
grandeetoile,grandeetoile
telegraph,telegraphvideo
Movie Channel | 电影频道,KrTVofficial
Nazan YK ♥,Nazand
FailArmy,FailArmy
Fun Videos,TheExpressNews
The Hot Movie TV,movieinhere22
sh5bta,sh5bta
SPORTS ILLUSTRATED,sportsillustrated
Lokdhun Punjabi,htpunjabi
elotrixhd,elotrixhd
Disney Cars Toy Club DCTC,MaterCarClub
Pashto Dance,PashtoDance
Hayato12080716 1127,hayato12080716_1127
LoveThailandOne,Lovethailandone
Oggy Official,OggyOfficial
Yoruba Movies (Awa Omo Odua) - Non-profit,blendz2011
Galatasaray,Galatasaray
World Rugby,WorldRugby
INTROCRATE,Introcrate
20Minutes,20Minutes
Bloodstock Festival,BloodstockFestival
TrueViews,TrueViews
Cyprien 12 Infos de Cyprien,12infos
rtl.fr,rtl-fr
iKON Global,ikon_global
ZoomTV,ZoomTV
✿ParkMervet✿Channel✿,park-mervet
Ligue1-Officiel,Ligue1-Officiel
jenda8,sqada-sqada
wired,wired
Wochit Headline News,wochit
GQ,gq
lemans-tv,lemans-tv
Movies World,ishoaib
Do You_Like_Lemongina?,believe_in_magic365
V4Eve,woohoogirls
Balabalaba,balababa
mumu,bbzzb
Games2C_INT,Games2C_INT
walbbb2014,tvonlinekorea
Naat Collection,zahidscorpian
Ww3k2cpd,ww3k2cpd
Mubi Rana,MubiRana
Formula Drift,driftstream
Bestofmusic,maxiocio
CollegeHumor,CollegeHumor
soshisubs,soshisubs
ARY ZINDAGI,aryzindagiofficial
newmaritk1,newmaritk1
bbdead,bbcall
TheManoleitor,maniakk99
NBA Officiel,NBA
Worldtalk.tv,worldtalk
GayClic,GayClic
OGaming TV,OGamingTV
takgh205,tkagh205
PkdanceCreations,PkdanceCreations
FILMSACTU,Filmsactu
Future Classic,futureclassic
UK Bhangra Music,UKBhangraMusic
Shemaroo Entertainment Ltd,Shemaroo
ChallengeCN,ChallengeCN
KPOP-影視CLUB,ss7874942
HouseCrate,HouseCrate
Hollyscoop,HollyscoopTV
Roundhouse London,roundhouselondon
Henrietta-Aime-Fumer_Tv,Henrietta-Aime-Fumer_Tv
footmercato,footmercato
Gamekult,Gamekult
Arrêt sur Images,asi
K-Pop 影視小棧(戲1),ako15362508
CorrespondantRecords,CorrespondantRecords
在留邦人だって 日本を守りたい,kigurumiutyuujin
Joon Youngfans Jung,jjyf2
apink,WeeklyHayoung
Mediapart,Mediapart
FRD.website,FitnessRemediesDiets
ITN Entertainment,itnentertainment
WWE World Wrestling Entertainment,WWE_Deutschland
thaifullbarbie,thaifullbarbie
Cover Video,cover-video
vul3a04SNSD2,vul3a04SNSD2
D2CL,D2CL
RealMyop,RealMyope
Gameblog.fr,Gameblog
ThanhnamKorean TV,thanhnamteuk
GamingLiveTV,GamingLive_TV
80PoundMedia,80PoundGames
carefreecooking,carefreecooking
ReLIVE ANIME,ReLIVEANIME
Pakistani Mujra,pakistanimujra
zakayachannel,zakayachannel
iTheTime,iTheTime
Grand Illusions,grand-illusions
MOTO JOURNAL,moto-journal
موقع ود القلوب,wedalqlop
FilmeY.Com  |  موقع فيلمي,FilmeY
MetaTV  France,metatvofficiel
Digital Entertainment World,DigitalEntertainmentWorld
Dhanak TV,siasitalk
CGMeetup,CGMeetup
Agence France-Presse,afp
Drama Lover,drama-lover
diver7jp,diver7jp
OK Movie Channel | OK電影頻道,OK_Movie-Channel
Doramaniac@s - Kpop,DoramaniacsKpop
Pashto Rang,PashtoRang
Victoria Kpop,IAMHottest_1
임ちゃんねる,dimKJ
HelloFlora,helloflora_
Nahae Kim,khiphop
beIN SPORTS,beINSPORTS
CANAL+,CANALPLUS
AutoMoto TV,AutoMotoTV
maritk3,maritk3
GOT7 THAILAND CHANNEL,GOT7_Thailand
OnlineDrama,watchdramaonline
Telugu Filmnagar,telugufilmnagar
Joon YoungFans Jung,joonyoungfansjung
Cine Curry,cine-curry
HD Videos ►,HDvideos
JYP New Gen,jypnewgeneration
Yamato Animation,YamatoAnimation
DesiDramas™,DesiDramas
King Carlitos,KiNg-CaRLiToS
Masti,Amazingfunny
François DESCRAQUES,FrancoisDescraques
DramaCloud ☁,DramaCloudOfficial
ikpc,ikpc
KennO_Coffee,KennO_Coffee
XboxViewTV - Official Game Trailers,XboxViewTV
Asia2tv.com,Asia2Tv
Non Stop Zapping,nonstopzappingofficiel
UBC Entertainment News,EntNewsShowbiz
Al Jazeera English,aljazeeraenglish
Booba,Booba
ARTE+7,ARTEplus7
Lyllad,Lyllad
Glamour,glamour
Vanity Fair,vanityfair
InsideGrandPrix,InsideGrandPrix
7xm Official - HDTV,7xm
iROKOtv,irokotv
Trailers, Songs and Movies ☑️,BollywoodHDMovie
Thar Production Official Channel,tharproduction
team-vitality,team-vitality
KAZÉ,KZPLAY
RAUL ESPERT,raulespert
Cinefix,cinefix
Human Slinky,HumanSlinky
shows4040,shows4040
Dawn News,dawn-news
CNRS Live,CNRS-Live
Pashto 1 Tv,Pashto1Tv
teluguone,teluguone
PakTV Live,PkGambler
Gentside,Gentside
YRF,yrf
Najoomi Baba,Shahbaz725
Roland Garros,rolandgarros
BuzzFeed Video Pakistan,buzzfeedvideopk
@hollywood,hollywood
The Ad Show,TheAdShow
Melody,Melody-Aflam
Suchablog,Suchablog
Cauet,cauetofficiel
Express News,expresspk
Vogue,Vogue
โคตรฮิต แอดมิน,krkodhit
KELFILM.COM,baryla
Bollywood Asia,TLBollywoodAsia
Skyrock,skyrock
Khabri Sports,qazi-umar-31
pk Entertainment HD,pkentertainment143
Bollywood Everywhere,bollywoodeverywhere
FreightTrainWTF,fr8trainwtf
smile,smile_like_a_sunshine
FRANCE 24,france24
Corobizar,Corobizar
MrAntoineDaniel,MrAntoineDaniel
Gozua,Gozua
Nusrat Collection,nusratcollection
Haberdesin,Haberdesin
angela,angela18346
Studio 4,Studio-4
PashtoHD,PashtoHD
Spicywoods,SpicyWoods
NatGeoWebisodes,NatGeoWebisodes
BTSBR,bangtanbrasil
Qudrat TV,PashtoTube2015
BollywoodCIA,BollywoodCIA
SKPB TEAM,skpbent
Pakistani HD Videos,JahazVId
Ayesha Sehar,paksuppower
PakDramas2012,PakDramas2012
HomeAndAwayUploads,HomeAndAwayUploads
Cezmi Kalorifer,cezmikalorifer
Worldcrunch,Worldcrunch
PakistanTV.TV,PakistantvTV
Celebrity Dish,celebritydish
TheT1TV5News,TheT1TV5News
LoveKpopSubs,LoveKpopSubs
ghostvid,ghostvid
Dakar,Dakar
MonsieurDream,MonsieurDream
Club Love,hushhush112
MalayalamMovies,MalayalamMovies
Zap Tele,zap-tele
Just For Laughs Gags,gags
Cheb Angelo,Mezyan
Le Phocéen,lephoceen
SuperBeurkMan,SuperBeurkMan
Culturebox,culturebox
MVDfilm,MVDfilm
Pink Memory,PINKMemory
RealHero,JAHMAL1111
ClevverGames,ClevverGames
HD SONGS,hdsongsvideos
Rumble Virals,RumbleVideo
FaZe France,WaRTeK
Drama Line PK,DramaLinePk
saqda10,mid458
GamingRoomTV,GamingRoomTV
PTV Sports,ptvsportsWC15
MoonDara TV,moondara
Hoopcast,hoopcast
IANS INDIA,iansindia
wed-alqlop,wed-alqlop
HBO,HBO
Masala TV - Cooking Show Recipes,MasalaTV
CONVERSATON,cst-conversaton
MLPFiMVideos,MLPFiMVideos
Yeppeun AgassisSubs,YeppeunAgassis
Mrbboy45,Mrbboy45
GO! GO!! Acrobatic_Journey . tv,moma-eternal
Dramas Online,DramasOnlineVideo
SkateCanada PatinageCanada,skatecanada
I MIGLIORI FILM IN ITALIANO,imigliorifilm
Laissez-Faire Social Club,Top-Notch112
ComputerAndVideoGames,ComputerAndVideoGames
Hungama Digital Media Entertainment Pvt.,hungama
DiagonalView,DiagonalView
Sözcü Gazetesi,Sozcu
G2PO,G2PO
snjeung,snjeung
BollywoodClassic,BollywoodClassic
ZoominGames,Zoomin_Games
Vannam,hotcinema
allmylovees,allmylovees
NextGenTactics,nextgentactics
Rocking and Shocking,rockingandshocking
mm16,morningmusume14
Trailers y Estrenos,TrailersyEstrenos
PashtoHD.com,pashtohdChannel
rapcontenders,rapcontenders
amenonakani,amenonakani
primootaku SS,primootaku
FIBA,fiba
CBS News,cbsnews
www.8lbi.asia,8lbiuaecom
Cartoon fun Tv,shazadimran2
HD Videos.Pk,HD-Videos-pk
AsiaDramatv.com,almaestro90
UR Choice Official Channel,URchoice
Chacal,thechacal537
The Washington Post,thewashingtonpost
FAMILY GEEK,Ejayremy
Guillaume,Pauleta_60
Hunan TV,hunan-tv
japan games,japangame
Eklecty-City.fr,Eklecty-City
Unco Sin Kar Poh Drama,singaporegeek
CeV4Eve,CeV4Eve
Hollywood NOW,hollywoodnow
euronews (en français),euronews-fr
www.ParanormalDocs.Com,sinardbail
もち子,fs329
Yok Böyle Bir Şey,yokboylebirsey
Olympique de Marseille (OM),olympiquedemarseille
EXOLIVEVOD,exolivevod
Geo Beats,GeoBeats
Red Velvet KHJ (Entertainment),Red_Velvet_KHK
K-fan,K-fan
Le Velcrou,Velcrou
ClevverMusic,ClevverMusic
GQFrance,GQFrance
4m Official,4mOfficial
Shishi Furet,shiraishii
Boksha tv بوكشة,hodalok
Felling Channel,f100000206928669
Farhan Ali Qadri Naats,FarhanAliQadriNaats
Anime_M_Like K1_TH,Anime_M_like_K1
Pashto & Punjabi Lovers,Pashtolovers
Life Fun,lifefun
Online TV Show,onlineshow
Pass Canal+,lepasscanal
Movies For You,movie-trailers4you
gamegrinuk,gamegrinuk
Koyziiiiz's TH sub,koyziiiizthsub
mkhan6131,mkhan6131
Sony Waqas Official,SonywaqasOfficial
hiro32612000,hiro32612000
dailymotion,Dailymotion
Orange Officiel,Orangefr
Tiger Hanbin,Tiger_Hanbin
Faiza sem,FaizaSem
VALE.VIDEO,valevideo
AgenceInfoLibre,agenceinfolibre
Asia2Tv.com,BnatcrazY-com
Dramapan,leokhanleo
2pm2u,2pm2u
zurimayumi,zurimayumi
TMZ,TMZ
CNBC International,CNBCInternational
Le Parisien,leparisien
VideojugFoodandDrink,VideojugFoodandDrink
NEXT Edge,marly-ya
LittleKuriboh,LittleKuriboh
TV bangumi,boboi_astro
dramascoreanos,dramascoreanos
mytiti,mytiti
中国电视剧超级联盟,hntvdrama
Hanif Punjwani  Pakistani Classic Song,Hanif_Punjwani
Crazy 4 Bollywood,framefunda
desimad,desimad
Pakstreet,pakstreet
lilmarcus,lilmarcus
f(x)_Perú Lima,fx_Peru
ksn,harvey-
LOLA Flips,lolaflips
Kyeongsew경수,kyeongsew
Spice Media,SpiceMedia1
jjen5,len-mo
Hollywood Asia,TLHollywoodAsia
vul3a04SNSD3,vul3a041
Msol Santa,mssanta1000
TomoNews US,tomonewsus
Qadri studio Sargodha,qadristudiosargodha
VideoStory,VideoStory
ReOpen911,ReOpen911
PASHTO INTEZAR,PASHTOINTEZAROFFICIAL
Inma Ost Doramas,OstDoramas
AnalyzeAMovie,AnalyzeAMovie
IAMAG.CO,itsartmag
Drama CN 之《女医明妃传》,lau-bryant
Aflam HD(2),AflamHDD
Ichigov2,ichigokurosaki1
LightReading,LightReading
Music Official,MusicHdOfficial
DekhoDrama.com,DekhoDrama
Mr Bean,mrbean
TheFootball,footyroom
0,plutoatom1
Moggy Aspi Show,moggy-aspi_show
Johann,TheMagicologist
Tour de France,tourdefrance
Eurosport,EurosportTurkiye
pinheirojpa,pinheirojpa
JEKYLL J.,JEKYLL127
Spider392,Spider392
Lascars,lascars
1127subs,1127subs
Machinima,Machinima
Pak India TeV,pakindiatev
sqada11,sport-title
iTELE,ITELE
Fun Time  √,funtime6
eolin666,eolin666
DTF OLD Server1,dm_523595081e6ef
CGRundertow,CGRundertow
0348xiu,0348xiu
Orange Tunisie,Orange-tn
Officialhawssa,HawssaCC
ourmatch,ourmatch
TeleBuzz,TeleBuzz
spicy world,just50
Artiste-Tunisien,Artiste-Tunisien
Zoe Harry,360kpopshow
AstrumSpark,MysteriousBrony
Invader Boom,invaderboom
Plutonium_Henry,karwah-ryan
foxysoul,foxysoul
Ramen Soup Subs,ramensoupsubs
Style Inn,styleinn
Thai4U Channel,tjhinnjatngo
PetTube,PetTubedotcom
yuzupino,yuzupino
PV Nova,pvnova
ESMA Movie,Esma-Movie
ish,roo-sha-nioh
pporosa,pporosa
Entertainment4allz,entertainment4allz
movizonline.com,movizonline
Starlight's gift,starlightsgift
DAEBAKSUBS,DaebaksubsKorea
Roommate Spanish Subs,jumpfansub
Maxim Magazine,MaximDotCom
Latest Tv Episodes,BBWLA
Reviver8,iprayforgoodluck
Zig & Sharko,ZigSharko
360kpopvietsub,360kpopvietsub
ハイビジョン録画,zekkiuek5
Farah Rani,farahgak1
hahahehehoho.com,VideoOfficial
HOUSTAN.ORG☑♡,houstan-org
Abdou Essabki,AbdouEssabki
2MTV,2mtv
Bollywood Masala Videos,BollywoodMasalaVideos
Viralhdvideo,masalaofficialchannel
TRT,TRT
miKi yaNsKy,miKiyaNsKy
Tuxboard,tuxboard
CinemaLek | سينما ليك,LatestMusicAndMedia
Super_Resistence,Super_Resistence
VideojugBeautyandStyle,VideojugBeautyandStyle
DonaldComoTV,DonaldComoTV
video republic,bushra-rani
Gigabeat G,gigabeat-g
i Love ALLAH,MuslimCommunity
fasthighlights-2013,fasthighlights-2013
namja1to4,namjaonetofour
Stinger1981,Stinger1981
Chek Suki,chek-suki
Min Baka,akezarotot
Jeanne Burgermister,JaneBurgermeister
Entertainment Queen,hotclipsurdu
Maktab .pk,KhwarizmiMaktab
Tropikprod Martinique,tropikprod
Terre énigmatique,LPDE
NOWNESS,nowness
World of Freesports,worldoffreesports
Yachun Piao,yachun-piao
MUSIC MELA HD,MUSIC_MELA
MadaniVideos,MadaniVideos
Jiraya TV,Jirayatv
きっちゅ 大和魂,kittyu2012
我是歌手第四季/女医明妃传/羋月傳/芈月传,tqk925
Funny,funniestvidoffical
GOT7THSUB,justbam
5min People,5minPeople
waliminem,waliminem
DigitaltvThaitv,DigitaltvThaitv
wonderful-life1989,Momochi_Nya
Kaichanholic_,Kaichanholic
Plus,plus
hskodhit,hskodhit
LCP,LCP
Celebuzz,celebuzz
Music World Channel,Bestvideoworld
YzRIKO,YzRIKO
Fédération Française de Football,ffftv
NEWvideovinus,newvideosvv
Iftikhar Alam,islamiwazaifdua
Nems,nems
LogicamenteJim,Adam_Liviero
다음카페 // 아름다운 추억여행으로,dm_502711e4f364a
ELV&K-Ent.,exolivevod2
LOVE Kyungsoo,LOVEKyungsoo
ProfoundMinutiae,ProfoundMinutiae
Bollywood Fails,bollywoodfails
the teens love.com,ibrahemibs
Rachid,chilavert
Double Est,DoubleEst
Rubeyda Mahsun Abdullah Bazencir,rubeyda
Maffew,Maffewgregg
Kpop for You,kpopforyou
taipi625f1,taipi625f1
Parti de Gauche,lepartidegauche
DomeyTh,DomeyTh
Anime-i .com,Watashia
HollyBolly Gossips,HollyBollyGossipss
Humour,Humour-squeezie
Loanstee3926,Loanstee3926
sanampari585,sanampari585
amnos_daily,amnos_daily
foot-mercato,foot-mercato
CRYSTAL-7,police-pref-osaka22654
Miria Akagi,erokanade
GOT7 México,GOT7_Mexico
_______,nozomidori1224
El Séptimo Arte,elseptimoarte
keyonlylove,keyonlylove
Dailymotion Partner,dailymotionpartner
Corina Marilena,novalee21
Lefigaro.fr,lefigaro
HTVEspanol,HTVEspanol
ZonEMunZ CoM,zonemunz
Lawrence Simpson,MasakoX
Electronic Arts,ElectronicArts
Wedding Sangeet,weddingsangeet
EntertainmentHub,entertainmenthub4u
Clevver News,Clevver-News
01netTV,01net
arabe_reda_1980,arabe_reda_1980
Glowtv.pk,glowtvpk
omnisport-uk,omnisport-uk
Brooklynians,brooklynians
Stage Drama HD,stagedramahd
Haberler.com,haberler
likes.pk,urdushayari
kiraexatsushi3,kiraexatsushi3
21st.TV,21stkpop
Ehab Mostafa,CoPeNEgyUp
OnrefaitleMac,OnrefaitleMac
XXX,-nanette-
aqswdeqq,aqswdeqq
RKD Studios,Bollywood_Hits
Teletica,teletica
Dr Nozman,drnozman
Dilawaiz Shahzadi,khalilcool88
TheGreca 2010,corazonsalvaje2009
EDM TV,A3Network
Dich Phong,boydaikho219
Mr. Bean,MrBeanTV
joinDOTA,joinDOTA
Helen,pancracia4ever
Mystheria22,Mystheria22
Le Dessous des Cartes -  ARTE,Ledessousdescartes
WINNER TH,winnerth
SMent EXO,SMent_EXO
Comedy Night,comedynight
Askmean,askmean
CİNEMA 2016,hindidubbed
mudohkfans,mudohkfans
LeHuffPost,LeHuffPost
eflashapps,eflashapps
pakistani drama,bdtmz
Rowis`s Documentaries Channel | افلام وثائقية,thedragon2012
rap et rnb,covik
glide,voodooglide
justin8131,justin8131
wassi ✔,wassi143
Zunaixa,zunaixa
heapsoflovehide,heapsoflovehide
MissDaniGermany,MissDaniGermany
Femme Actuelle,femme-actuelle
★ Live_Nude_Girls ★,zaenabfirxa
Павел Пашкевич,nemoicap1
We Got Married,WeGotMarriedshow
iTheTimeWGM,iTheTimeWGM
中国浙江卫视官方频道 ZheJiang TV Official,zjtv
Zoomin.TV Canada,Zoomin_Canada
Khamosh Mohabbat,Khamosh-Mohabbat
Kids Collection,kidscollection
countryonmyback,countryonmyback
bumdi2,bumdi2
SULEMAN1987,SULEMAN1987
L'Equipe.fr,lequipe
Auto Plus,autoplus
RightMov LLC,RightMoveLLC
Max Boublil,maxboublil
Kidscamp,Kidscamp
GOTPM Thaisub,gotpmthaisub
GoldminesTelefilms,GoldminesTelefilms
funradio,funradio
Rambo InTown,rambo-intown
Stand Up NY Labs,StandUpNYLabs
Trailer Music Weekly,addictomovie
velvetcondor,velvetcondor
newsonepk,newsonepk
FBB-BOOM,FBB-BOOM
Funny Clips √,htriadh7
Azizi Totay by Ali Azizi,azizi-totay
uncleagent0022,uncleagent0022
France Info,FranceInfo
Jessica Jung,Jessica_Jung_4
wawa_TH,wawa_TH
PModel,PModel
دراما كافيه,teatromasr3
Loveforever2PM,Loveforever2PM
PoP Anime-i,popanime-i
swatiking,swatiking
TSteck160,TSteck160
Caters TV,CatersTV
Paramount Pictures France,Paramount_Pictures_France
Vendee Globe TV,VendeeGlobeTV
yusu01207,yusu01207
Fenerbahçe,fenerbahce
Official DeVil,Ehtshamraza
Fenya,Fenyanodoramas
IQ Pashto Music Official Channel,IQPashtoM
hdmovies☑,freevideofun1
Shozib Ali,shoxee1
Asad Ali Chishti,AsadAliChishti
Nerdist,nerdist
FullEntertainment,fullentertainment
マスゴミにツッコミ隊,massgo
FS YAS,FASYAS
KShow,kshowdaily
Nayaonewluv1,Nayaonewluv1
Rayju Lucifurus,Rayju
teenchoiceawards,teenchoiceawards
مسلسلات منوعة - بجودة عالية,arabicseriesHD
Bollywood Classic Collection (Movies & Songs),hdvidz
vjarmanisuits,vjarmanisuits
KaldTheRabbit,KaldTheRabbit
lafermejerome,lafermejerome
ganesh2,ganesh2
Entertainment,lotsoflaugh
jjen7,nolan90071
AmandaPanda12,AmandaPanda12
Videos Portal,VideosPortal
maritk2,maritk2
Steve Steve,Mr1d100
DramasFestival,DramasFestival
Aaj News,aajnews
RockWrestling Inc.,RockWrestlingInc
Canadian Studmuffin,canadianstudmuffin
KaroMAZAcom,KaroMAZAcom
Bangla Media,bangla-media
LAS MIL Y UNAS NOCHES,lasmilyunasnoches
PashtoOne.com,ShahIranDurrani
DRAMASNITE,mindthisgap
Clad Strife,SoldierClad
Golden Moustache,GoldenMoustache
TV動画,tvdouga
Konbini,konbini
M4F14G0T7,M4F14G0T7
Cartoons & TV Shows,ronnie_mclin
ShinhwaForever6,ShinhwaForever6
Desi Fun Time,Desifuntime
Jazba TV,jazbatv
The Seven Sees,thesevensees
iBollywood,iBollywood
One Direction,onedirection__
Dread Central,dreadcentral
blastro,blastro
Prince de Condé,prince_de_conde
Amazing Collection,AmazingCollection
Hellcat,Hellcat
Style.com,style
J'suis pas content TV,pascontent-tv
Anime-i.com,Anime-icom
ahmed3ed sdfs,ahmed3ed-sdfs
Diablox9,Diablox9
Team Lyricis,Lyricis
电视剧,ChinaTVnetwork
SBS_1214,SBS_1214
The Bollywood,thebollywood
Bahaa ali,SCREEMKING
DaRkFuNeRaL972,DaRkFuNeRaL972
GR KHOKHAR,sweetsongs58
Japan Figure Skating,japanskate
TRMD Videos,TRMDvideos
DekhoDramaLive.Com,dekhodramalive
IL SEGRETO,ilsegreto
Drama Melayu,DramaMelayu
Bollywood Fun Online,bollywoodfunonline
ZaiLetsPlay,ZaiLetsPlay
Music World,musicworld
Asif Ali,UserNameAsif
Darsequran.com Official,darsequran1
Hedge,Hedge
SkyyartTV,SkyyartTV
IGOTSubs,IGOTSubs
Greek TV Series,klajdiklo
Eric et Ramzy,ericetramzy
Zeemu28,zeemu28
Ligue2,Ligue2
bumdi,bumdi
Pakistani Dramas,CompleteDramas
Songs Official,SongsOfficial
مسلسل وادي الذئاب الجزء العاشر wadi diab 10,wadize2ab3sk
Camweb,Camweb
Detective Conan,detectiveconan69
2AM 台灣國際後援會視頻組,2amTWiam
Dimitri Shumakov,wrestlingcity
GlobalKpop,KpopRadioPdm
ChromeHearts,ChromeHeartsCINEMA
Danna,Dannaxugui
Kuma,kuma2014
Action Movies HD,ActionMoviesHD
