creator, channel
ABS-CBN Entertainment,UCstEtN0pgOmCf02EdXsGChw
Baby Big Mouth,UCWr4vlkj5xXQ4bSXNeTT2AA
Blu Collection,UC7nGdI1YVbdj0lBqEeg8KxQ
Buzzfeed Video,UCpko_-a4wgz2u_DgDgd9fqA
Buzzfeed Yellow,UCay_OLhWtf9iklq8zg_or0g
ChuChu TV,UCBnZ16ahKA2DZ_T5W0FPUXg
Disney Car Toys,UCKjjmMqvuxNYw8c6knceexQ
EMI Music,UC2kTZB_yeYgdAg4wP2tEryA
Family Fun Pack,UCvthuVsurPaVz2a7_4LepGg
FunToyzCollector,UCqdGW_m8Rim4FeMM29keDEg
GMM Gramy Official,UCG9gfnA5UDoLvz-tC9B-HKw
Get Movies,UClZkHt2kNIgyrTTPnSQV3SA
Jacksepticeye,UCYzPXprvl5Y-Sf0g4vX-m6g
Justin Bieber,UCHkj014U2CQ2Nv0UZeYpE_A
Little Baby Bum,UCKAqou7V9FAWXpZd9xtOg3Q
Markiplier,UC7_YxT-KID8kRbqZo7MyscQ
Movieclips Trailers,UCi8e0iOVk1fEOogdfu4YgfA
Netdmuzikk,UCR5wZcXtOUka8jTA57flzMg
PewDiePie,UC-lHJZR3Gqxm24_Vd_AJ5Yw
Popularmmos,UCpGdL9Sn3Q5YWUH2DVUW1Ug
Seven Super Girls,UCj2HtBTppiQLVrZfEjcFxig
Spinnin' Records,UCpDJl2EmP7Oh90Vylx0dZtA
T-Series,UCq-Fj5jknLsUf-MWSy4_brA
Taylor Swift,UCANLZYMidaCbLQFWXBC95Jg
Televisa Telenovelas,UCKyU-wd-KY4PMOcOpPQgQcw
The Diamond Minecart,UCS5Oz6CHmeoF7vSad0qqXfw
The Ellen Show,UCp0hYYBW6IMayGgR-WeoCvQ
The Tonight Show Starring Jimmy Fallon,UC8-Th83bH_thdKZDJCrn88g
ToyPudding,UCKqx9r4mrFglauNBJc1L_eg
Vanoss Gaming,UCKqH_9mk1waLgBiL2vT5b9g
WWE,UCJ5v_MCY6GNUBTO8-D3XoAg
Watch Mojo,UCaWd5_7JhbQBe4dknZhsHJg
Wiz Khalifa,UCVp3nfGRxmMadNDuVbJSk8A
Маша и Медведь,UCRv76wLBC73jiP7LX4C3l8Q
Adele,UComP_epzeKzvBX156r6pm1Q
Ariana Grande,UC0VOyT2OCBKdQhF3BAbZ-1g
Disney Cars Toy Club,UCsU-ktDYPSvRyRqcFV4uXPw
DisneyCarToys,UCKjjmMqvuxNYw8c6knceexQ
Miss Katy,UCcartHVtvAUzfajflyeT_Gg
Popular MMOs,UCpGdL9Sn3Q5YWUH2DVUW1Ug
jacksepticeye,UCYzPXprvl5Y-Sf0g4vX-m6g
