creator,youtube_name
ABS-CBN Entertainment,abscbnonline
Baby Big Mouth,itsbabybigmouth
Blu Collection,blucollection
Buzzfeed Video,buzzfeedvideo
Buzzfeed Yellow,buzzfeedyellow
ChuChu TV,thechuchutv
Disney Car Toys,disneycartoys
EMI Music,emimusic
Family Fun Pack,familyfunpack
FunToyzCollector,disneycollectorbr
GMM Gramy Official,gmmgrammyofficial
Get Movies,getmovies
Jacksepticeye,jacksepticeye
Justin Bieber,justinbiebervevo
Little Baby Bum,littlebabybum
Markiplier,markipliergame
Movieclips Trailers,movieclipstrailers
Netdmuzikk,netdmuzikk
PewDiePie,pewdiepie
Popularmmos,popularmmos
Ryan ToysReview,hGJGhZ9SOOHvBB0Y4DOO_w
Seven Super Girls,sevensupergirls
Spinnin' Records,spinninrec
T-Series,tseries
Taylor Swift,taylorswiftvevo
Televisa Telenovelas,telenovelatelevisa
The Diamond Minecart,thediamondminecart
The Ellen Show,theellenshow
The Tonight Show Starring Jimmy Fallon,latenight
ToyPudding,toypudding
Vanoss Gaming,vanossgaming
WWE,wwefannation
Watch Mojo,watchmojo
Wiz Khalifa,taylorgangent
Маша и Медведь,mashamedvedtv